,,,,,,,,,,,,,,,,
,,,,,,,,,,,,,,,,
,Chamber and Ambient Humidity Sensor,,,,,,Microfluidic,,,FitBit,,Core,,,,
Biking Speed (mph),Timestamp,Temperature (C),Room Humidity (%),Timestamp,Ambient Temperature (C),Ambient Humidity (%),Timestamp,Elapsed Time,Spoke #,Timestamp,HeartRate (bpm),Timestamp,CoreBodyTemp (F),TempChangeRate (F/h),TempQuality [1(poor) to 4(excellent)],SkinTemp (F)
0,3:24:51 PM,24.83,55.19,3:23:26 PM,24.34,56.37,3:24 PM,0:00:00,0,15:25:00,84,16:27:49,99.47,1,,92.41
0,3:25:21 PM,24.9,55.13,3:23:56 PM,24.34,56.4,5:17 PM,1:52:39,0,15:26:00,68,16:32:49,99.73,3.15,2,93.67
0,3:25:51 PM,25.16,56.64,3:24:26 PM,24.35,56.37,5:18 PM,1:53:44,2,15:27:00,75,16:37:49,99.5,-2.79,3,94.07
0,3:26:21 PM,25.62,60.45,3:24:56 PM,24.34,56.47,5:23 PM,1:58:53,8.5,15:28:00,80,16:42:49,99.25,-3,4,94.21
0,3:26:51 PM,26.19,64.53,3:25:26 PM,24.34,56.3,5:25 PM,2:01:01,11,15:29:00,78,16:47:49,99.08,-1.94,4,93.94
0,3:27:21 PM,27.06,65.29,3:25:56 PM,24.36,56.22,5:28 PM,2:04:20,14,15:30:00,66,16:52:49,98.98,-1.3,4,93.89
0,3:27:51 PM,28.63,65.6,3:26:26 PM,24.37,56.32,5:32 PM,2:08:08,17.25,15:31:00,55,16:57:49,98.9,-0.86,4,93.69
0,3:28:21 PM,30.47,63.22,3:26:56 PM,24.35,56.4,5:35 PM,2:10:53,20,15:32:00,55,17:02:49,98.84,-0.76,4,93.8
0,3:28:51 PM,31.93,60.35,3:27:26 PM,24.38,56.39,5:37 PM,2:13:37,22,15:33:00,56,17:07:49,98.8,-0.54,4,93.64
0,3:29:21 PM,33.1,57.85,3:27:56 PM,24.36,56.04,5:39 PM,2:15:16,24.25,15:34:00,54,17:12:49,98.78,-0.22,4,93.74
0,3:29:51 PM,34.09,55.92,3:28:26 PM,24.39,56.3,5:42 PM,2:18:28,28.25,15:35:00,52,17:17:49,98.73,-0.54,4,93.98
0,3:30:21 PM,34.88,54.33,3:28:56 PM,24.39,56.19,5:46 PM,2:21:49,37,15:36:00,54,17:22:49,98.79,0.65,4,94.07
0,3:30:51 PM,35.52,52.96,3:29:26 PM,24.34,56.14,5:49 PM,2:25:12,48,15:37:00,53,17:27:49,98.9,1.3,4,94.14
0,3:31:21 PM,35.95,51.77,3:29:56 PM,24.38,56.1,5:50 PM,2:26:18,50,15:38:00,52,17:32:49,98.94,0.54,4,93.92
0,3:31:51 PM,36.27,51.43,3:30:26 PM,24.37,56.1,5:52 PM,2:28:05,55,15:39:00,51,17:37:49,99.06,1.4,4,93.78
0,3:32:21 PM,36.67,51.07,3:30:56 PM,24.37,56.15,5:55 PM,2:31:30,57,15:40:00,52,17:42:49,99.15,1.08,4,93.29
0,3:32:51 PM,37.05,50.56,3:31:26 PM,24.35,56.11,5:57 PM,2:33:08,56,15:41:00,51,17:47:49,99.25,1.27,3,92.97
0,3:33:21 PM,37.41,49.97,3:31:56 PM,24.39,56.23,6:01 PM,2:36:53,53,15:42:00,51,17:52:49,99.38,1.53,4,93.69
0,3:33:51 PM,37.72,49.41,3:32:26 PM,24.39,56.21,6:07 PM,2:43:21,48.25,15:43:00,54,17:57:49,99.53,1.73,4,94.23
0,3:34:21 PM,37.95,48.88,3:32:56 PM,24.37,56.23,6:11 PM,2:47:04,44,15:44:00,53,18:02:50,99.53,0.11,4,93.92
0,3:34:51 PM,38.15,48.47,3:33:26 PM,24.37,56.3,,,,15:45:00,54,,,,,
0,3:35:21 PM,38.31,47.95,3:33:56 PM,24.39,56.38,,,,15:46:00,57,,,,,
0,3:35:51 PM,38.46,47.57,3:34:26 PM,24.38,56.36,,,,15:47:00,62,,,,,
0,3:36:21 PM,38.43,47.27,3:34:56 PM,24.38,56.34,,,,15:48:00,63,,,,,
0,3:36:51 PM,38.41,47.08,3:35:26 PM,24.39,56.39,,,,15:49:00,70,,,,,
0,3:37:21 PM,38.38,47.06,3:35:56 PM,24.39,56.5,,,,15:50:00,62,,,,,
0,3:37:51 PM,38.38,46.76,3:36:26 PM,24.4,56.27,,,,15:51:00,65,,,,,
0,3:38:21 PM,38.36,46.41,3:36:56 PM,24.39,56.25,,,,15:52:00,76,,,,,
0,3:38:51 PM,38.31,46.09,3:37:26 PM,24.39,56.14,,,,15:53:00,61,,,,,
0,3:39:22 PM,38.29,45.84,3:37:56 PM,24.39,56.18,,,,15:54:00,57,,,,,
0,3:39:51 PM,38.23,45.59,3:38:26 PM,24.38,56.01,,,,15:55:00,57,,,,,
0,3:40:21 PM,38.21,45.42,3:38:56 PM,24.4,56.07,,,,15:56:00,54,,,,,
0,3:40:51 PM,38.28,45.17,3:39:26 PM,24.39,55.97,,,,15:57:00,53,,,,,
0,3:41:21 PM,38.37,44.93,3:39:56 PM,24.4,55.98,,,,15:58:00,58,,,,,
0,3:41:51 PM,38.41,44.66,3:40:26 PM,24.39,56.01,,,,15:59:00,59,,,,,
0,3:42:22 PM,38.43,44.42,3:40:56 PM,24.4,56.03,,,,16:00:00,58,,,,,
0,3:42:52 PM,38.42,44.23,3:41:26 PM,24.42,55.96,,,,16:01:00,58,,,,,
0,3:43:22 PM,38.42,44.01,3:41:56 PM,24.42,55.86,,,,16:02:00,59,,,,,
0,3:43:52 PM,38.45,43.91,3:42:26 PM,24.41,55.97,,,,16:03:00,57,,,,,
0,3:44:22 PM,38.5,43.72,3:42:56 PM,24.42,55.88,,,,16:04:00,58,,,,,
0,3:44:52 PM,38.47,43.54,3:43:26 PM,24.43,55.92,,,,16:05:00,58,,,,,
0,3:45:22 PM,38.54,43.29,3:43:56 PM,24.4,55.96,,,,16:06:00,57,,,,,
0,3:45:52 PM,38.6,43.11,3:44:26 PM,24.43,55.89,,,,16:07:00,59,,,,,
0,3:46:22 PM,38.58,42.89,3:44:56 PM,24.42,55.88,,,,16:08:00,58,,,,,
0,3:46:52 PM,38.58,42.71,3:45:26 PM,24.42,55.82,,,,16:09:00,57,,,,,
0,3:47:22 PM,38.5,42.25,3:45:56 PM,24.39,55.92,,,,16:10:00,55,,,,,
0,3:47:52 PM,38.2,41.86,3:46:26 PM,24.43,55.9,,,,16:11:00,55,,,,,
0,3:48:22 PM,37.99,41.84,3:46:56 PM,24.43,55.92,,,,16:12:00,56,,,,,
0,3:48:52 PM,37.65,41.63,3:47:26 PM,24.43,55.9,,,,16:13:00,90,,,,,
0,3:49:22 PM,37.31,41.69,3:47:56 PM,24.43,55.89,,,,16:14:00,66,,,,,
0,3:49:52 PM,37.08,41.89,3:48:26 PM,24.44,55.77,,,,16:15:00,51,,,,,
0,3:50:22 PM,36.98,41.85,3:48:56 PM,24.44,55.57,,,,16:16:00,50,,,,,
0,3:50:52 PM,36.9,41.85,3:49:26 PM,24.45,55.71,,,,16:17:00,60,,,,,
0,3:51:22 PM,36.94,41.89,3:49:56 PM,24.44,55.6,,,,16:18:00,69,,,,,
0,3:51:52 PM,37.01,41.81,3:50:26 PM,24.45,55.62,,,,16:19:00,55,,,,,
0,3:52:22 PM,37.17,41.68,3:50:56 PM,24.46,55.7,,,,16:20:00,54,,,,,
0,3:52:52 PM,37.47,41.42,3:51:26 PM,24.43,55.77,,,,16:21:00,51,,,,,
0,3:53:22 PM,37.8,41.03,3:51:56 PM,24.45,55.86,,,,16:22:00,52,,,,,
0,3:53:52 PM,38.07,40.6,3:52:26 PM,24.43,55.88,,,,16:23:00,53,,,,,
0,3:54:22 PM,38.34,40.17,3:52:56 PM,24.44,55.94,,,,16:24:00,53,,,,,
0,3:54:52 PM,38.54,39.87,3:53:26 PM,24.44,56,,,,16:25:00,64,,,,,
0,3:55:22 PM,38.69,39.64,3:53:56 PM,24.45,55.98,,,,16:26:00,71,,,,,
0,3:55:52 PM,38.81,39.42,3:54:26 PM,24.45,55.95,,,,16:27:00,69,,,,,
0,3:56:22 PM,38.97,39.18,3:54:56 PM,24.44,55.95,,,,16:28:00,76,,,,,
0,3:56:52 PM,39.05,38.89,3:55:26 PM,24.45,55.85,,,,16:29:00,86,,,,,
0,3:57:22 PM,39.09,38.67,3:55:56 PM,24.47,55.88,,,,16:30:00,89,,,,,
0,3:57:52 PM,39.07,38.59,3:56:26 PM,24.45,55.92,,,,16:31:00,91,,,,,
0,3:58:22 PM,39.05,38.45,3:56:56 PM,24.43,55.76,,,,16:32:00,94,,,,,
0,3:58:52 PM,39.14,38.14,3:57:26 PM,24.46,55.82,,,,16:33:00,95,,,,,
0,3:59:22 PM,39.12,37.96,3:57:56 PM,24.47,55.53,,,,16:34:00,98,,,,,
0,3:59:52 PM,39.07,37.64,3:58:26 PM,24.46,55.8,,,,16:35:00,93,,,,,
0,4:00:22 PM,38.98,37.65,3:58:56 PM,24.47,55.67,,,,16:36:00,93,,,,,
0,4:00:52 PM,38.94,37.58,3:59:26 PM,24.47,55.69,,,,16:37:00,97,,,,,
0,4:01:22 PM,38.93,37.42,3:59:56 PM,24.48,55.62,,,,16:38:00,96,,,,,
0,4:01:52 PM,38.97,37.47,4:00:26 PM,24.46,55.45,,,,16:39:00,95,,,,,
0,4:02:22 PM,39.01,37.4,4:00:56 PM,24.48,55.74,,,,16:40:00,93,,,,,
0,4:02:52 PM,38.98,37.24,4:01:26 PM,24.5,55.62,,,,16:41:00,96,,,,,
0,4:03:22 PM,38.95,37.29,4:01:56 PM,24.51,55.66,,,,16:42:00,98,,,,,
0,4:03:52 PM,38.96,37.19,4:02:26 PM,24.47,55.65,,,,16:43:00,96,,,,,
0,4:04:22 PM,38.99,37.02,4:02:56 PM,24.49,55.78,,,,16:44:00,93,,,,,
0,4:04:52 PM,38.93,36.72,4:03:26 PM,24.49,55.61,,,,16:45:00,93,,,,,
0,4:05:23 PM,38.74,36.5,4:03:57 PM,24.48,55.79,,,,16:46:00,95,,,,,
0,4:05:52 PM,38.58,36.42,4:04:27 PM,24.49,55.75,,,,16:47:00,95,,,,,
0,4:06:22 PM,38.5,36.52,4:04:56 PM,24.49,55.72,,,,16:48:00,97,,,,,
0,4:06:52 PM,38.54,36.4,4:05:27 PM,24.49,55.72,,,,16:49:00,97,,,,,
0,4:07:22 PM,38.59,36.39,4:05:57 PM,24.48,55.64,,,,16:50:00,96,,,,,
0,4:07:52 PM,38.66,36.2,4:06:27 PM,24.48,55.71,,,,16:51:00,96,,,,,
0,4:08:22 PM,38.7,36.04,4:06:57 PM,24.49,55.71,,,,16:52:00,96,,,,,
0,4:08:52 PM,38.73,35.97,4:07:27 PM,24.5,55.59,,,,16:53:00,97,,,,,
0,4:09:22 PM,38.7,35.87,4:07:57 PM,24.51,55.57,,,,16:54:00,95,,,,,
0,4:09:52 PM,38.81,35.72,4:08:27 PM,24.51,55.56,,,,16:55:00,95,,,,,
0,4:10:22 PM,38.78,35.6,4:08:57 PM,24.52,55.6,,,,16:56:00,95,,,,,
0,4:10:52 PM,38.86,35.52,4:09:27 PM,24.51,55.62,,,,16:57:00,98,,,,,
0,4:11:22 PM,38.93,35.34,4:09:57 PM,24.51,55.72,,,,16:58:00,100,,,,,
0,4:11:52 PM,38.97,35.24,4:10:27 PM,24.51,55.54,,,,16:59:00,97,,,,,
0,4:12:22 PM,38.99,35.14,4:10:57 PM,24.52,55.52,,,,17:00:00,97,,,,,
0,4:12:52 PM,38.95,35.16,4:11:27 PM,24.51,55.55,,,,17:01:00,95,,,,,
0,4:13:22 PM,38.9,35.37,4:11:57 PM,24.5,55.62,,,,17:02:00,96,,,,,
0,4:13:52 PM,38.71,35.57,4:12:27 PM,24.51,55.54,,,,17:03:00,97,,,,,
0,4:14:22 PM,38.7,35.45,4:12:57 PM,24.48,55.63,,,,17:04:00,95,,,,,
0,4:14:52 PM,38.66,35.26,4:13:27 PM,24.51,55.54,,,,17:05:00,95,,,,,
0,4:15:22 PM,38.53,35.24,4:13:57 PM,24.51,55.71,,,,17:06:00,98,,,,,
0,4:15:52 PM,38.51,35.22,4:14:27 PM,24.52,55.69,,,,17:07:00,97,,,,,
0,4:16:22 PM,38.5,35.12,4:14:57 PM,24.53,55.66,,,,17:08:00,97,,,,,
0,4:16:52 PM,38.42,34.92,4:15:27 PM,24.5,55.49,,,,17:09:00,96,,,,,
0,4:17:22 PM,38.37,34.86,4:15:57 PM,24.51,55.64,,,,17:10:00,98,,,,,
0,4:17:52 PM,38.34,34.77,4:16:27 PM,24.52,55.65,,,,17:11:00,93,,,,,
0,4:18:22 PM,38.13,34.8,4:16:57 PM,24.51,55.62,,,,17:12:00,94,,,,,
0,4:18:52 PM,37.77,34.82,4:17:27 PM,24.5,55.64,,,,17:13:00,94,,,,,
0,4:19:22 PM,37.45,35.05,4:17:57 PM,24.51,55.63,,,,17:14:00,101,,,,,
0,4:19:53 PM,37.25,35.11,4:18:27 PM,24.53,55.4,,,,17:15:00,96,,,,,
0,4:20:22 PM,37.15,35.26,4:18:57 PM,24.53,55.68,,,,17:16:00,106,,,,,
0,4:20:52 PM,37.01,35.24,4:19:27 PM,24.5,55.67,,,,17:17:00,120,,,,,
0,4:21:22 PM,36.94,35.25,4:19:57 PM,24.51,55.72,,,,17:18:00,121,,,,,
0,4:21:52 PM,36.89,35.24,4:20:27 PM,24.5,55.78,,,,17:19:00,119,,,,,
0,4:22:22 PM,36.92,35.18,4:20:57 PM,24.53,55.86,,,,17:20:00,125,,,,,
0,4:22:52 PM,37,35.01,4:21:26 PM,24.51,55.88,,,,17:21:00,124,,,,,
0,4:23:22 PM,36.93,34.92,4:21:56 PM,24.53,56.01,,,,17:22:00,121,,,,,
0,4:23:52 PM,37,34.9,4:22:26 PM,24.51,55.99,,,,17:23:00,123,,,,,
0,4:24:22 PM,37.01,34.85,4:22:56 PM,24.52,56.04,,,,17:24:00,123,,,,,
0,4:24:52 PM,37.11,34.84,4:23:26 PM,24.54,56.03,,,,17:25:00,124,,,,,
0,4:25:22 PM,37.38,34.72,4:23:56 PM,24.52,56.07,,,,17:26:00,123,,,,,
0,4:25:52 PM,37.6,34.45,4:24:26 PM,24.52,56.13,,,,17:27:00,121,,,,,
0,4:26:22 PM,37.57,34.29,4:24:56 PM,24.51,56.17,,,,17:28:00,120,,,,,
0,4:26:52 PM,37.38,34.39,4:25:26 PM,24.53,56.16,,,,17:29:00,124,,,,,
0,4:27:22 PM,37.15,34.61,4:25:56 PM,24.52,56.21,,,,17:30:00,125,,,,,
0,4:27:52 PM,36.95,34.88,4:26:26 PM,24.52,56.04,,,,17:31:00,127,,,,,
3,4:28:23 PM,36.97,35.18,4:26:56 PM,24.52,56.14,,,,17:32:00,126,,,,,
3,4:28:53 PM,37.03,35.15,4:27:26 PM,24.52,56.19,,,,17:33:00,126,,,,,
3,4:29:23 PM,37.13,35.16,4:27:56 PM,24.52,56.15,,,,17:34:00,131,,,,,
3,4:29:53 PM,37.34,35.23,4:28:27 PM,24.53,56.09,,,,17:35:00,129,,,,,
3,4:30:23 PM,37.55,35.17,4:28:57 PM,24.54,56.05,,,,17:36:00,130,,,,,
3,4:30:53 PM,37.67,34.96,4:29:27 PM,24.52,56.08,,,,17:37:00,132,,,,,
3,4:31:23 PM,37.68,34.82,4:29:57 PM,24.52,55.99,,,,17:38:00,132,,,,,
3,4:31:53 PM,37.6,34.73,4:30:27 PM,24.52,56,,,,17:39:00,132,,,,,
3,4:32:23 PM,37.38,34.76,4:30:57 PM,24.54,55.87,,,,17:40:00,130,,,,,
3,4:32:53 PM,37.17,34.97,4:31:27 PM,24.52,55.96,,,,17:41:00,146,,,,,
3,4:33:23 PM,37.02,35.07,4:31:57 PM,24.54,55.93,,,,17:42:00,153,,,,,
3,4:33:53 PM,36.8,34.91,4:32:27 PM,24.51,55.95,,,,17:43:00,155,,,,,
3,4:34:23 PM,36.61,35.01,4:32:57 PM,24.52,55.78,,,,17:44:00,155,,,,,
3,4:34:53 PM,36.46,35,4:33:27 PM,24.52,55.86,,,,17:45:00,163,,,,,
3,4:35:23 PM,36.35,35.09,4:33:57 PM,24.51,55.88,,,,17:46:00,154,,,,,
3,4:35:53 PM,36.26,35.12,4:34:27 PM,24.51,55.87,,,,17:47:00,157,,,,,
3,4:36:23 PM,36.1,35.14,4:34:57 PM,24.53,55.87,,,,17:48:00,161,,,,,
3,4:36:53 PM,35.92,35.29,4:35:27 PM,24.55,55.88,,,,17:49:00,161,,,,,
3,4:37:23 PM,35.79,35.32,4:35:57 PM,24.53,55.86,,,,17:50:00,161,,,,,
3,4:37:53 PM,35.67,35.51,4:36:27 PM,24.53,56.04,,,,17:51:00,135,,,,,
3,4:38:23 PM,35.62,35.65,4:36:57 PM,24.54,56.01,,,,17:52:00,96,,,,,
3,4:38:53 PM,35.56,35.57,4:37:27 PM,24.53,56.06,,,,17:53:00,86,,,,,
3,4:39:23 PM,35.5,35.55,4:37:57 PM,24.52,55.95,,,,17:54:00,80,,,,,
3,4:39:53 PM,35.52,35.67,4:38:27 PM,24.54,56.06,,,,17:55:00,77,,,,,
3,4:40:23 PM,35.63,35.81,4:38:57 PM,24.52,56.07,,,,17:56:00,75,,,,,
3,4:40:53 PM,35.8,35.76,4:39:27 PM,24.54,56.08,,,,17:57:00,77,,,,,
3,4:41:23 PM,35.87,35.81,4:39:57 PM,24.54,56.1,,,,17:58:00,71,,,,,
3,4:41:53 PM,35.92,35.74,4:40:27 PM,24.55,56.14,,,,17:59:00,74,,,,,
3,4:42:23 PM,35.91,35.86,4:40:57 PM,24.54,56.14,,,,18:00:00,76,,,,,
3,4:42:53 PM,35.87,35.74,4:41:27 PM,24.55,56.15,,,,18:01:00,73,,,,,
3,4:43:23 PM,35.69,35.73,4:41:57 PM,24.56,56.13,,,,18:02:00,79,,,,,
3,4:43:53 PM,35.4,35.73,4:42:27 PM,24.57,56.12,,,,18:03:00,75,,,,,
3,4:44:23 PM,35.06,35.9,4:42:57 PM,24.55,56.33,,,,18:04:00,70,,,,,
3,4:44:53 PM,34.86,36.37,4:43:27 PM,24.54,56.18,,,,18:05:00,73,,,,,
3,4:45:23 PM,34.86,36.66,4:43:57 PM,24.54,56.13,,,,18:06:00,77,,,,,
3,4:45:53 PM,34.95,36.76,4:44:27 PM,24.55,56.14,,,,18:07:00,71,,,,,
3,4:46:23 PM,35.21,37,4:44:57 PM,24.54,56.25,,,,18:08:00,76,,,,,
3,4:46:53 PM,35.25,36.75,4:45:27 PM,24.55,56.07,,,,18:09:00,74,,,,,
3,4:47:23 PM,35.39,37.07,4:45:57 PM,24.55,56.03,,,,18:10:00,73,,,,,
3,4:47:53 PM,35.5,37.08,4:46:27 PM,24.56,56.05,,,,18:11:00,73,,,,,
3,4:48:23 PM,35.64,37.42,4:46:57 PM,24.55,56.13,,,,,,,,,,
3,4:48:53 PM,35.79,37.6,4:47:27 PM,24.55,56.01,,,,,,,,,,
3,4:49:23 PM,35.87,37.58,4:47:57 PM,24.55,55.92,,,,,,,,,,
3,4:49:53 PM,35.91,37.57,4:48:27 PM,24.54,56.02,,,,,,,,,,
3,4:50:23 PM,36.13,37.62,4:48:57 PM,24.55,55.99,,,,,,,,,,
3,4:50:53 PM,36.28,37.65,4:49:27 PM,24.55,56.06,,,,,,,,,,
3,4:51:23 PM,36.43,37.68,4:49:57 PM,24.55,56.05,,,,,,,,,,
3,4:51:53 PM,36.53,37.68,4:50:27 PM,24.55,56.21,,,,,,,,,,
3,4:52:23 PM,36.6,37.56,4:50:57 PM,24.56,56.11,,,,,,,,,,
3,4:52:53 PM,36.6,37.22,4:51:27 PM,24.54,56.18,,,,,,,,,,
3,4:53:23 PM,36.54,37.02,4:51:57 PM,24.56,56.12,,,,,,,,,,
3,4:53:53 PM,36.4,36.92,4:52:27 PM,24.56,56.29,,,,,,,,,,
3,4:54:23 PM,36.38,37.09,4:52:57 PM,24.56,56.26,,,,,,,,,,
3,4:54:53 PM,36.27,36.96,4:53:27 PM,24.55,56.35,,,,,,,,,,
3,4:55:23 PM,36.11,36.83,4:53:57 PM,24.55,56.22,,,,,,,,,,
3,4:55:53 PM,36.09,37.27,4:54:28 PM,24.57,56.23,,,,,,,,,,
3,4:56:23 PM,36.13,37.34,4:54:57 PM,24.55,56.12,,,,,,,,,,
3,4:56:53 PM,36.07,37.35,4:55:27 PM,24.54,56,,,,,,,,,,
3,4:57:23 PM,36.04,37.31,4:55:57 PM,24.55,56.12,,,,,,,,,,
3,4:57:53 PM,36.02,37.39,4:56:27 PM,24.55,56.08,,,,,,,,,,
3,4:58:23 PM,36.07,37.44,4:56:57 PM,24.56,56,,,,,,,,,,
3,4:58:53 PM,35.99,37.41,4:57:27 PM,24.58,56.12,,,,,,,,,,
3,4:59:23 PM,35.84,37.43,4:57:57 PM,24.54,56.09,,,,,,,,,,
3,4:59:53 PM,35.76,37.63,4:58:27 PM,24.56,56.15,,,,,,,,,,
3,5:00:23 PM,35.72,37.79,4:58:57 PM,24.56,56.04,,,,,,,,,,
3,5:00:54 PM,35.69,37.77,4:59:27 PM,24.57,56.12,,,,,,,,,,
3,5:01:23 PM,35.73,37.79,4:59:57 PM,24.56,56.12,,,,,,,,,,
3,5:01:53 PM,35.76,37.64,5:00:27 PM,24.58,56.11,,,,,,,,,,
3,5:02:23 PM,35.73,37.6,5:00:57 PM,24.55,56.01,,,,,,,,,,
3,5:02:53 PM,35.67,37.57,5:01:27 PM,24.56,56.07,,,,,,,,,,
3,5:03:23 PM,35.62,37.63,5:01:57 PM,24.55,55.95,,,,,,,,,,
3,5:03:53 PM,35.58,37.69,5:02:27 PM,24.55,56.04,,,,,,,,,,
3,5:04:23 PM,35.51,37.86,5:02:57 PM,24.55,56,,,,,,,,,,
3,5:04:53 PM,35.45,37.86,5:03:27 PM,24.56,56.04,,,,,,,,,,
3,5:05:23 PM,35.4,37.91,5:03:57 PM,24.54,55.95,,,,,,,,,,
3,5:05:53 PM,35.31,37.89,5:04:27 PM,24.56,55.97,,,,,,,,,,
3,5:06:23 PM,35.37,38.37,5:04:57 PM,24.58,55.99,,,,,,,,,,
3,5:06:53 PM,35.46,38.76,5:05:27 PM,24.58,55.89,,,,,,,,,,
3,5:07:23 PM,35.63,38.88,5:05:57 PM,24.59,56.06,,,,,,,,,,
3,5:07:53 PM,35.81,38.83,5:06:27 PM,24.56,56.14,,,,,,,,,,
3,5:08:23 PM,35.91,38.77,5:06:57 PM,24.58,56.16,,,,,,,,,,
3,5:08:53 PM,35.96,38.71,5:07:27 PM,24.57,55.95,,,,,,,,,,
3,5:09:23 PM,35.99,38.77,5:07:57 PM,24.56,56.08,,,,,,,,,,
3,5:09:54 PM,35.96,38.71,5:08:27 PM,24.58,56.11,,,,,,,,,,
3,5:10:23 PM,35.83,38.63,5:08:57 PM,24.59,56.16,,,,,,,,,,
3,5:10:53 PM,35.74,38.74,5:09:27 PM,24.58,56.14,,,,,,,,,,
3,5:11:23 PM,35.63,38.85,5:09:57 PM,24.56,56.12,,,,,,,,,,
3,5:11:53 PM,35.45,38.89,5:10:27 PM,24.59,56.07,,,,,,,,,,
3,5:12:23 PM,35.26,39.12,5:10:57 PM,24.58,55.99,,,,,,,,,,
3,5:12:53 PM,35.2,39.38,5:11:27 PM,24.58,56.04,,,,,,,,,,
3,5:13:23 PM,35.18,39.51,5:11:57 PM,24.55,56.03,,,,,,,,,,
3,5:13:54 PM,35.26,40.23,5:12:27 PM,24.59,56.02,,,,,,,,,,
3,5:14:24 PM,35.43,40.38,5:12:58 PM,24.56,56,,,,,,,,,,
3,5:14:54 PM,35.6,40.05,5:13:28 PM,24.56,55.96,,,,,,,,,,
3,5:15:24 PM,35.63,39.94,5:13:58 PM,24.57,55.96,,,,,,,,,,
4,5:15:54 PM,35.77,40.05,5:14:28 PM,24.58,55.94,,,,,,,,,,
4,5:16:24 PM,35.91,40.52,5:14:58 PM,24.59,55.84,,,,,,,,,,
4,5:16:54 PM,36.05,40.93,5:15:28 PM,24.57,55.75,,,,,,,,,,
4,5:17:24 PM,36.12,41.35,5:15:58 PM,24.56,55.53,,,,,,,,,,
4,5:17:54 PM,36.09,41.71,5:16:28 PM,24.56,55.74,,,,,,,,,,
4,5:18:24 PM,36.15,42.16,5:16:58 PM,24.57,55.72,,,,,,,,,,
4,5:18:55 PM,36.13,42.33,5:17:28 PM,24.56,55.73,,,,,,,,,,
4,5:19:25 PM,36.12,42.69,5:17:58 PM,24.57,55.82,,,,,,,,,,
4,5:19:54 PM,36.13,43.09,5:18:28 PM,24.57,55.72,,,,,,,,,,
4,5:20:24 PM,36.22,43.34,5:18:58 PM,24.58,55.79,,,,,,,,,,
4,5:20:54 PM,36.2,43.52,5:19:28 PM,24.58,55.61,,,,,,,,,,
4,5:21:24 PM,36.24,43.95,5:19:58 PM,24.55,55.58,,,,,,,,,,
4,5:21:54 PM,36.28,44.02,5:20:28 PM,24.57,55.66,,,,,,,,,,
4,5:22:24 PM,36.37,44.34,5:20:58 PM,24.58,55.66,,,,,,,,,,
4,5:22:54 PM,36.34,44.59,5:21:28 PM,24.58,55.64,,,,,,,,,,
4,5:23:24 PM,36.23,44.64,5:21:58 PM,24.58,55.67,,,,,,,,,,
4,5:23:54 PM,36.22,45.39,5:22:28 PM,24.59,55.68,,,,,,,,,,
4,5:24:24 PM,36.26,45.96,5:22:58 PM,24.6,55.76,,,,,,,,,,
4,5:24:54 PM,36.3,46.86,5:23:28 PM,24.58,55.58,,,,,,,,,,
4,5:25:24 PM,36.36,47.17,5:23:58 PM,24.58,55.58,,,,,,,,,,
4,5:25:54 PM,36.38,47.49,5:24:28 PM,24.59,55.62,,,,,,,,,,
4,5:26:24 PM,36.4,48.05,5:24:58 PM,24.57,55.65,,,,,,,,,,
4,5:26:54 PM,36.39,48.32,5:25:28 PM,24.58,55.71,,,,,,,,,,
4,5:27:24 PM,36.31,48.41,5:25:58 PM,24.57,55.84,,,,,,,,,,
4,5:27:54 PM,36.25,49.15,5:26:28 PM,24.57,55.87,,,,,,,,,,
4,5:28:24 PM,36.32,49.69,5:26:58 PM,24.56,55.95,,,,,,,,,,
4,5:28:54 PM,36.4,50.28,5:27:28 PM,24.58,55.94,,,,,,,,,,
4,5:29:24 PM,36.39,50.36,5:27:58 PM,24.56,55.94,,,,,,,,,,
4,5:29:54 PM,36.35,50.59,5:28:28 PM,24.58,55.95,,,,,,,,,,
4,5:30:24 PM,36.25,50.91,5:28:58 PM,24.56,56.08,,,,,,,,,,
4,5:30:54 PM,36.24,51.37,5:29:28 PM,24.55,56,,,,,,,,,,
4,5:31:25 PM,36.16,51.67,5:29:58 PM,24.58,56.09,,,,,,,,,,
4,5:31:54 PM,36.08,52.03,5:30:28 PM,24.58,56.02,,,,,,,,,,
4,5:32:24 PM,36.06,52.39,5:30:58 PM,24.57,56.03,,,,,,,,,,
4,5:32:55 PM,36.06,52.41,5:31:28 PM,24.57,56.03,,,,,,,,,,
4,5:33:24 PM,36.15,52.65,5:31:58 PM,24.56,55.81,,,,,,,,,,
4,5:33:54 PM,36.12,52.71,5:32:28 PM,24.56,55.98,,,,,,,,,,
4,5:34:24 PM,36.1,52.94,5:32:58 PM,24.57,56,,,,,,,,,,
4,5:34:54 PM,36.13,53.29,5:33:28 PM,24.58,56.09,,,,,,,,,,
4,5:35:24 PM,36.23,53.61,5:33:58 PM,24.57,56.01,,,,,,,,,,
4,5:35:54 PM,36.36,53.97,5:34:28 PM,24.57,55.91,,,,,,,,,,
4,5:36:25 PM,36.44,53.89,5:34:58 PM,24.57,55.76,,,,,,,,,,
4,5:36:55 PM,36.51,54.06,5:35:28 PM,24.58,55.9,,,,,,,,,,
4,5:37:25 PM,36.47,54.11,5:35:58 PM,24.57,55.94,,,,,,,,,,
4,5:37:55 PM,36.39,53.76,5:36:28 PM,24.58,56.01,,,,,,,,,,
4,5:38:25 PM,36.32,53.94,5:36:58 PM,24.58,55.97,,,,,,,,,,
4,5:38:55 PM,36.27,54.04,5:37:28 PM,24.57,56.08,,,,,,,,,,
4,5:39:25 PM,36.2,54.35,5:37:58 PM,24.57,56.1,,,,,,,,,,
4,5:39:55 PM,36.08,54.76,5:38:28 PM,24.55,55.98,,,,,,,,,,
4,5:40:25 PM,35.99,55.06,5:38:58 PM,24.59,55.99,,,,,,,,,,
5,5:40:55 PM,35.72,53.41,5:39:28 PM,24.58,56.08,,,,,,,,,,
5,5:41:25 PM,35.4,52.58,5:39:58 PM,24.59,56.6,,,,,,,,,,
5,5:41:55 PM,35.2,52.56,5:40:28 PM,24.58,55.96,,,,,,,,,,
5,5:42:25 PM,35.09,52.09,5:40:58 PM,24.58,56.04,,,,,,,,,,
5,5:42:55 PM,34.92,52.25,5:41:28 PM,24.55,55.99,,,,,,,,,,
5,5:43:25 PM,34.85,52.04,5:41:58 PM,24.56,55.9,,,,,,,,,,
5,5:43:55 PM,34.78,52.42,5:42:28 PM,24.58,56.07,,,,,,,,,,
5,5:44:25 PM,34.78,52.88,5:44:25 PM,24.55,56.03,,,,,,,,,,
5,5:44:55 PM,34.77,53.11,5:44:55 PM,24.55,56.16,,,,,,,,,,
5,5:45:25 PM,34.73,53.45,5:45:25 PM,24.54,56.11,,,,,,,,,,
5,5:45:55 PM,34.7,54.19,5:45:55 PM,24.56,56.22,,,,,,,,,,
5,5:46:25 PM,34.71,55.7,5:46:25 PM,24.55,56.03,,,,,,,,,,
5,5:46:55 PM,34.66,55.91,5:46:55 PM,24.54,55.99,,,,,,,,,,
5,5:47:25 PM,34.55,56.87,5:47:25 PM,24.54,55.98,,,,,,,,,,
5,5:47:55 PM,34.47,57.44,5:47:55 PM,24.55,56.03,,,,,,,,,,
5,5:48:25 PM,34.4,58.93,5:48:25 PM,24.52,56,,,,,,,,,,
5,5:48:55 PM,34.41,59.69,5:48:55 PM,24.55,56.44,,,,,,,,,,
5,5:49:25 PM,34.45,60.83,5:49:25 PM,24.56,56.11,,,,,,,,,,
5,5:49:55 PM,34.54,61.4,5:49:55 PM,24.55,56.09,,,,,,,,,,
5,5:50:25 PM,34.53,61.97,5:50:25 PM,24.55,56.12,,,,,,,,,,
0,5:50:55 PM,34.69,65.29,5:50:55 PM,24.56,56.06,,,,,,,,,,
0,5:51:25 PM,35.02,65.87,5:51:25 PM,24.54,56.05,,,,,,,,,,
0,5:51:55 PM,35.49,66.38,5:51:55 PM,24.56,56.1,,,,,,,,,,
0,5:52:25 PM,35.62,66.78,5:52:25 PM,24.53,56.1,,,,,,,,,,
0,5:52:55 PM,35.87,67.83,5:52:55 PM,24.55,55.98,,,,,,,,,,
0,5:53:25 PM,36.13,68.18,5:53:25 PM,24.55,56.15,,,,,,,,,,
0,5:53:55 PM,36.43,68.09,5:53:55 PM,24.55,56.05,,,,,,,,,,
0,5:54:25 PM,36.7,68.01,5:54:25 PM,24.54,56.03,,,,,,,,,,
0,5:54:55 PM,36.97,68.03,5:54:55 PM,24.54,56,,,,,,,,,,
0,5:55:25 PM,37.1,66.61,5:55:25 PM,24.54,56.04,,,,,,,,,,
0,5:55:55 PM,37.18,67.1,5:55:55 PM,24.56,56.08,,,,,,,,,,
0,5:56:25 PM,37.2,67.06,5:56:25 PM,24.52,56.01,,,,,,,,,,
0,5:56:55 PM,37.2,66.71,5:56:55 PM,24.53,56.1,,,,,,,,,,
0,5:57:25 PM,37.18,66.38,5:57:25 PM,24.55,56.07,,,,,,,,,,
0,5:57:55 PM,37.19,66.25,5:57:55 PM,24.51,56.12,,,,,,,,,,
0,5:58:25 PM,37.28,66.08,5:58:25 PM,24.52,56.14,,,,,,,,,,
0,5:58:55 PM,37.42,65.82,5:58:55 PM,24.54,56.16,,,,,,,,,,
0,5:59:25 PM,37.55,65.54,5:59:25 PM,24.52,56.2,,,,,,,,,,
0,5:59:55 PM,37.64,65.21,5:59:55 PM,24.54,56.26,,,,,,,,,,
0,6:00:25 PM,37.68,64.93,6:00:25 PM,24.55,56.23,,,,,,,,,,
0,6:00:55 PM,37.74,64.71,6:00:55 PM,24.52,56.3,,,,,,,,,,
0,6:01:25 PM,37.81,64.26,6:01:25 PM,24.54,56.34,,,,,,,,,,
0,6:01:55 PM,37.79,64,6:01:55 PM,24.53,56.37,,,,,,,,,,
0,6:02:25 PM,37.8,62.98,6:02:25 PM,24.53,56.34,,,,,,,,,,
0,6:02:55 PM,37.9,62.39,6:02:55 PM,24.52,56.17,,,,,,,,,,
0,6:03:25 PM,38.06,61.64,6:03:25 PM,24.52,56.38,,,,,,,,,,
0,6:03:55 PM,38.18,61.03,6:03:55 PM,24.52,56.31,,,,,,,,,,
0,6:04:25 PM,38.28,60.51,6:04:25 PM,24.5,56.22,,,,,,,,,,
0,6:04:55 PM,38.3,59.89,6:04:55 PM,24.52,56.35,,,,,,,,,,
0,6:05:26 PM,38.26,59.69,6:05:26 PM,24.5,56.25,,,,,,,,,,
0,6:05:55 PM,38.27,59.43,6:05:55 PM,24.51,56.3,,,,,,,,,,
0,6:06:25 PM,38.28,59.2,6:06:25 PM,24.54,56.12,,,,,,,,,,
0,6:06:55 PM,38.26,58.81,6:06:55 PM,24.52,56.27,,,,,,,,,,
0,6:07:25 PM,38.22,58.56,6:07:25 PM,24.53,56.42,,,,,,,,,,
0,6:07:55 PM,38.21,58.49,6:07:55 PM,24.54,56.56,,,,,,,,,,
0,6:08:25 PM,38.1,58.1,6:08:25 PM,24.51,56.43,,,,,,,,,,
0,6:08:55 PM,38.05,58.24,6:08:55 PM,24.53,56.44,,,,,,,,,,
0,6:09:25 PM,38.05,58.14,6:09:25 PM,24.51,56.44,,,,,,,,,,
0,6:09:55 PM,37.98,58.2,6:09:55 PM,24.53,56.4,,,,,,,,,,
0,6:10:25 PM,37.94,58.18,6:10:25 PM,24.55,56.39,,,,,,,,,,
0,6:10:55 PM,37.91,58.29,6:10:55 PM,24.52,56.37,,,,,,,,,,
0,6:11:25 PM,37.76,58.47,6:11:25 PM,24.53,56.36,,,,,,,,,,